jl_filt_dsp	0	0	0	0	0
jl_filt_dsp	1	0	0	0	0
jl_filt_dsp	2	0	1	1	0
jl_filt_dsp	3	0	1	1	0
jl_filt_dsp	4	0	1	1	0
jl_filt_dsp	5	0	1	1	0
jl_filt_dsp	6	0	1	1	0
jl_filt_dsp	7	0	0	0	0
jl_filt_dsp	8	0	1	1	0
jl_filt_dsp	9	0	0	0	0
jl_filt_dsp	10	0	0	0	0
jl_filt_dsp	11	0	0	0	0
jl_filt_dsp	12	0	0	0	0
jl_filt_dsp	13	0	0	0	0
jl_filt_dsp	14	0	0	0	0
jl_filt_dsp	15	0	0	0	0
jl_filt_dsp	16	0	0	0	0
jl_filt_dsp	17	0	0	0	0
jl_filt_dsp	18	0	0	0	0
jl_filt_dsp_guarded	0	0	1	1	0
jl_filt_dsp_guarded	1	0	1	1	0
jl_filt_dsp_guarded	2	0	1	1	0
jl_filt_dsp_guarded	3	0	1	1	0
jl_filt_dsp_guarded	4	0	1	1	0
jl_filt_dsp_guarded	5	0	1	1	0
jl_filt_dsp_guarded	6	0	0	0	0
jl_filt_dsp_guarded	7	0	0	0	0
jl_filt_dsp_guarded	8	0	1	1	0
jl_filt_dsp_guarded	9	0	1	1	0
jl_gemm_base	0	0	1	1	1
jl_gemm_base	1	0	1	1	0
jl_gemm_base	2	0	1	1	0
jl_gemm_base	3	0	1	1	0
jl_gemm_base	4	0	1	1	0
jl_gemm_base	5	0	1	1	0
jl_gemm_base	6	0	1	1	1
jl_gemm_base	7	0	0	0	0
jl_gemm_base	8	0	1	1	0
jl_gemm_base	9	0	1	1	0
jl_gemm_base	10	0	1	1	0
jl_gemm_base	11	0	0	0	0
jl_gemm_base	12	0	1	1	0
jl_gemm_base	13	0	1	1	0
jl_poly	0	0	1	1	0
lz77	0	0	1	0	0
lz77	1	0	1	0	0
lz77	2	0	1	0	0
lz77	3	0	1	0	0
lz77_bounded	0	0	1	0	0
lz77_bounded	1	0	1	0	0
lz77_bounded	2	0	1	1	0
lz77_bounded	3	0	1	1	0
lz77_bounded2	0	0	1	1	0
lz77_bounded2	1	0	1	1	0
lz77_bounded2	2	0	1	1	0
lz77_bounded2	3	0	1	1	0
matmul	0	0	1	0	0
matmul	1	0	1	0	0
matmul	2	0	1	0	0
sha256	0	0	1	1	0
sha256	1	0	1	1	0
sha256	2	0	1	1	0
sha256	3	0	1	1	0
sha256	4	0	1	1	0
sha256	5	0	1	1	0
sha256	6	0	1	1	0
sha256	7	0	1	1	0
sha256	8	0	1	0	0
sha256	9	0	1	0	0
sha256	10	0	1	0	0
sha256	11	1	1	1	1
sha256	12	1	1	1	1
sha256	13	0	1	0	0
sha256	14	0	1	0	0
sha256	15	0	1	0	0
lz77	0	0	0	0	0
lz77	1	0	0	0	0
lz77	2	0	1	1	1
matmul	0	0	1	1	1
matmul	1	0	1	1	1
matmul	2	0	0	0	0
matmul	3	0	0	0	0
matmul	4	0	0	0	0
adler32	0	0	0	0	0
adler32	1	0	0	0	0
adler32	2	0	0	0	0
adler32	3	0	0	0	0
adler32	4	0	0	0	0
adler32	5	0	0	0	0
adler32	6	0	0	0	0
adler32	7	0	0	0	0
adler32	8	0	0	0	0
adler32	9	0	0	0	0
adler32	10	0	0	0	0
adler32	11	0	0	0	0
adler32	12	0	1	1	0
adler32	13	0	0	0	0
adler32	14	0	0	0	0
adler32	15	0	0	0	0
adler32	16	0	0	0	0
adler32	17	0	0	0	0
adler32	18	0	0	0	0
adler32	19	0	0	0	0
adler32	20	0	0	0	0
adler32	21	0	0	0	0
adler32	22	0	0	0	0
adler32	23	0	0	0	0
adler32	24	0	0	0	0
adler32	25	0	0	0	0
adler32	26	0	0	0	0
adler32	27	0	0	0	0
adler32	28	0	0	0	0
adler32	29	0	1	1	0
adler32	30	0	0	0	0
adler32	31	0	0	0	0
adler32	32	1	1	1	1
adler32	33	0	0	0	0
adler32	34	0	0	0	0
adler32	35	0	0	0	0
adler32	36	0	0	0	0
base64	0	0	0	0	0
base64	1	0	0	0	0
base64	2	0	0	0	0
base64	3	0	0	0	0
base64	4	1	1	1	1
base64	5	0	1	1	1
base64	6	0	1	1	1
base64	7	0	1	1	0
base64	8	0	1	1	0
base64	9	0	1	1	0
base64	10	0	1	1	0
base64	11	0	1	0	0
base64	12	0	0	0	0
base64	13	0	0	0	0
base64	14	0	0	0	0
base64	15	0	0	0	0
base64	16	0	0	0	0
base64	17	0	0	0	0
base64	18	0	0	0	0
base64	19	1	1	1	1
base64	20	0	0	0	0
base64	21	0	0	0	0
base64	22	0	0	0	0
base64	23	0	0	0	0
base64	24	0	0	0	0
base64	25	0	0	0	0
base64	26	0	0	0	0
crc32	0	0	0	0	0
crc32	1	0	0	0	0
crc32	2	0	0	0	0
crc32	3	0	0	0	0
crc32	4	0	0	0	0
crc32	5	0	0	0	0
crc32	6	0	0	0	0
crc32	7	0	0	0	0
crc32	8	0	0	0	0
crc32	9	0	0	0	0
crc32	10	0	0	0	0
crc32	11	0	0	0	0
crc32	12	0	0	0	0
crc32	13	0	0	0	0
crc32	14	0	0	0	0
crc32	15	0	0	0	0
crc32	16	0	0	0	0
crc32	17	0	0	0	0
crc32	18	0	1	1	0
crc32	19	0	1	1	0
crc32	20	0	1	1	0
crc32	21	0	1	1	0
crc32	22	0	1	1	0
crc32	23	0	1	1	0
crc32	24	0	1	1	0
crc32	25	0	1	1	0
crc32	26	0	1	1	0
crc32	27	0	1	0	0
crc32	28	0	0	0	0
crc32	29	0	0	0	0
crc32	30	0	0	0	0
crc32	31	1	1	1	1
crc32	32	0	0	0	0
crc32	33	0	0	0	0
crc32	34	0	0	0	0
crc32	35	0	0	0	0
lz77	0	0	0	0	0
lz77	1	0	0	0	0
lz77	2	0	0	0	0
lz77	3	0	0	0	0
lz77	4	0	0	0	0
lz77	5	1	1	1	1
lz77	6	0	0	0	0
lz77	7	0	1	0	0
lz77	8	0	1	1	0
lz77	9	0	1	1	0
lz77	10	0	1	1	0
lz77	11	0	0	0	0
lz77	12	0	0	0	0
lz77	13	0	0	0	0
lz77	14	0	0	0	0
lz77	15	0	0	0	0
lz77	16	0	0	0	0
lz77	17	0	0	0	0
lz77	18	1	1	1	1
lz77	19	0	0	0	0
lz77	20	0	0	0	0
lz77	21	0	0	0	0
lz77	22	0	0	0	0
lz77	23	1	1	1	1
lz77	24	1	1	1	1
md5	0	0	0	0	0
md5	1	0	0	0	0
md5	2	0	0	0	0
md5	3	0	0	0	0
md5	4	0	1	1	0
md5	5	0	1	1	0
md5	6	0	1	1	0
md5	7	0	1	1	0
md5	8	0	1	1	0
md5	9	0	0	0	0
md5	10	0	0	0	0
md5	11	0	0	0	0
md5	12	0	0	0	0
md5	13	0	0	0	0
md5	14	0	0	0	0
md5	15	0	0	0	0
md5	16	0	0	0	0
md5	17	0	0	0	0
md5	18	0	0	0	0
md5	19	0	0	0	0
md5	20	1	1	1	1
md5	21	0	0	0	0
md5	22	0	0	0	0
md5	23	0	0	0	0
md5	24	0	0	0	0
nbody	0	0	0	0	0
nbody	1	0	0	0	0
nbody	2	0	0	0	0
nbody	3	0	0	0	0
nbody	4	0	0	0	0
nbody	5	0	0	0	0
nbody	6	0	0	0	0
nbody	7	0	0	0	0
nbody	8	0	0	0	0
nbody	9	0	0	0	0
nbody	10	0	0	0	0
nbody	11	0	0	0	0
nbody	12	0	0	0	0
nbody	13	0	0	0	0
nbody	14	0	0	0	0
nbody	15	0	0	0	0
nbody	16	0	0	0	0
nbody	17	0	0	0	0
nbody	18	0	0	0	0
nbody	19	0	0	0	0
nbody	20	0	0	0	0
nbody	21	0	0	0	0
nbody	22	0	0	0	0
nbody	23	0	0	0	0
nbody	24	0	0	0	0
nbody	25	0	0	0	0
nbody	26	0	0	0	0
nbody	27	0	0	0	0
nbody	28	0	0	0	0
nbody	29	0	0	0	0
nbody	30	0	0	0	0
nbody	31	0	0	0	0
nbody	32	0	0	0	0
nbody	33	0	0	0	0
nbody	34	0	0	0	0
nbody	35	0	0	0	0
nbody	36	0	0	0	0
nbody	37	0	0	0	0
nbody	38	0	0	0	0
nbody	39	0	0	0	0
nbody	40	0	0	0	0
nbody	41	0	0	0	0
nbody	42	0	0	0	0
nbody	43	0	0	0	0
nbody	44	0	0	0	0
nbody	45	0	0	0	0
nbody	46	0	0	0	0
nbody	47	0	0	0	0
nbody	48	0	0	0	0
nbody	49	0	0	0	0
nbody	50	0	0	0	0
nbody	51	0	0	0	0
nbody	52	0	0	0	0
nbody	53	0	0	0	0
nbody	54	0	0	0	0
nbody	55	0	0	0	0
nbody	56	0	0	0	0
nbody	57	0	0	0	0
nbody	58	0	0	0	0
nbody	59	0	0	0	0
nbody	60	0	0	0	0
nbody	61	0	0	0	0
nbody	62	0	0	0	0
nbody	63	0	0	0	0
nbody	64	0	0	0	0
nbody	65	0	0	0	0
nbody	66	0	0	0	0
nbody	67	0	0	0	0
nbody	68	0	0	0	0
nbody	69	0	0	0	0
nbody	70	0	0	0	0
nbody	71	0	0	0	0
nbody	72	0	0	0	0
nbody	73	0	0	0	0
nbody	74	0	0	0	0
nbody	75	0	0	0	0
nbody	76	0	0	0	0
nbody	77	0	0	0	0
nbody	78	0	0	0	0
nbody	79	1	1	1	1
nbody	80	0	0	0	0
nbody	81	0	0	0	0
nbody	82	0	0	0	0
nbody	83	0	0	0	0
sha1	0	0	0	0	0
sha1	1	0	0	0	0
sha1	2	0	0	0	0
sha1	3	0	0	0	0
sha1	4	0	1	1	0
sha1	5	0	1	1	1
sha1	6	0	1	1	1
sha1	7	0	1	1	1
sha1	8	0	1	1	1
sha1	9	1	1	1	1
sha1	10	1	1	1	1
sha1	11	0	0	0	0
sha1	12	0	0	0	0
sha1	13	0	0	0	0
sha1	14	0	0	0	0
sha1	15	0	0	0	0
sha1	16	0	0	0	0
sha1	17	0	0	0	0
sha1	18	0	0	0	0
sha1	19	1	1	1	1
sha1	20	0	0	0	0
sha1	21	0	0	0	0
sha1	22	0	0	0	0
sha1	23	0	0	0	0
sha256	0	0	0	0	0
sha256	1	0	0	0	0
sha256	2	0	0	0	0
sha256	3	0	0	0	0
sha256	4	0	1	1	0
sha256	5	0	1	1	0
sha256	6	0	1	1	0
sha256	7	0	1	1	0
sha256	8	0	1	1	0
sha256	9	0	0	0	0
sha256	10	0	1	1	1
sha256	11	0	1	1	1
sha256	12	0	1	1	1
sha256	13	0	0	0	0
sha256	14	0	0	0	0
sha256	15	0	0	0	0
sha256	16	0	0	0	0
sha256	17	0	0	0	0
sha256	18	0	0	0	0
sha256	19	0	0	0	0
sha256	20	0	0	0	0
sha256	21	0	0	0	0
sha256	22	0	0	0	0
sha256	23	0	0	0	0
sha256	24	0	0	0	0
sha256	25	0	0	0	0
sha256	26	0	0	0	0
sha256	27	0	0	0	0
sha256	28	0	0	0	0
sha256	29	0	0	0	0
sha256	30	0	0	0	0
sha256	31	1	1	1	1
sha256	32	0	0	0	0
sha256	33	0	0	0	0
sha256	34	0	0	0	0
sha256	35	0	0	0	0
utf8	0	0	0	0	0
utf8	1	0	0	0	0
utf8	2	0	0	0	0
utf8	3	0	0	0	0
utf8	4	0	0	0	0
utf8	5	0	0	0	0
utf8	6	0	0	0	0
utf8	7	0	0	0	0
utf8	8	0	0	0	0
utf8	9	0	1	1	0
utf8	10	0	1	0	0
utf8	11	0	1	1	0
utf8	12	0	1	1	0
utf8	13	0	0	0	0
utf8	14	0	0	0	0
utf8	15	1	1	1	1
utf8	16	0	0	0	0
utf8	17	0	0	0	0
utf8	18	0	0	0	0
utf8	19	0	0	0	0
