bench,lang,module,cfg,fe_s,pass_s,o3_s,llc_s
sha256,Swift,swift_sha256,base,1.810,0,0.109,0.096
sha256,Swift,swift_sha256,thorough,1.810,2.552,0.108,0.095
sha256,Swift,swift_sha256,fast,1.810,0.457,0.109,0.096
sha256,Swift,swift_sha256,light,1.810,0.355,0.110,0.097
base64,Swift,swift_base64,base,0.968,0,0.086,0.085
base64,Swift,swift_base64,thorough,0.968,4.170,0.097,0.094
base64,Swift,swift_base64,fast,0.968,0.507,0.086,0.085
base64,Swift,swift_base64,light,0.968,0.260,0.085,0.086
lz77,Swift,swift_lz77,base,0.839,0,0.093,0.088
lz77,Swift,swift_lz77,thorough,0.839,13.280,0.098,0.090
lz77,Swift,swift_lz77,fast,0.839,0.299,0.092,0.089
lz77,Swift,swift_lz77,light,0.839,0.255,0.094,0.088
crc32,Swift,swift_crc32,base,1.201,0,0.106,0.109
crc32,Swift,swift_crc32,thorough,1.201,4.380,0.118,0.120
crc32,Swift,swift_crc32,fast,1.201,0.458,0.105,0.107
crc32,Swift,swift_crc32,light,1.201,0.361,0.103,0.107
adler32,Swift,swift_adler32,base,1.025,0,0.101,0.092
adler32,Swift,swift_adler32,thorough,1.025,5.736,0.120,0.098
adler32,Swift,swift_adler32,fast,1.025,0.463,0.098,0.091
adler32,Swift,swift_adler32,light,1.025,0.263,0.100,0.091
sha1,Swift,swift_sha1,base,1.062,0,0.112,0.101
sha1,Swift,swift_sha1,thorough,1.062,1.971,0.111,0.100
sha1,Swift,swift_sha1,fast,1.062,0.296,0.110,0.098
sha1,Swift,swift_sha1,light,1.062,0.240,0.112,0.101
md5,Swift,swift_md5,base,1.273,0,0.107,0.099
md5,Swift,swift_md5,thorough,1.273,2.192,0.106,0.098
md5,Swift,swift_md5,fast,1.273,0.316,0.108,0.101
md5,Swift,swift_md5,light,1.273,0.246,0.107,0.101
utf8,Swift,swift_utf8,base,0.797,0,0.083,0.085
utf8,Swift,swift_utf8,thorough,0.797,0.919,0.086,0.086
utf8,Swift,swift_utf8,fast,0.797,0.250,0.088,0.086
utf8,Swift,swift_utf8,light,0.797,0.174,0.083,0.084
cryptoswift,Swift,swift_cryptoswift,base,32.796,0,4.939,5.482
cryptoswift,Swift,swift_cryptoswift,thorough,32.796,701.961,5.716,6.009
cryptoswift,Swift,swift_cryptoswift,fast,32.796,57.382,5.280,5.852
cryptoswift,Swift,swift_cryptoswift,light,32.796,21.237,4.985,5.518
rs_lz77_bench,Rust,rust_lz77_bench,base,0.123,0,0.036,0.037
rs_lz77_bench,Rust,rust_lz77_bench,thorough,0.123,5.187,0.035,0.035
rs_lz77_bench,Rust,rust_lz77_bench,fast,0.123,0.474,0.036,0.036
rs_lz77_bench,Rust,rust_lz77_bench,light,0.123,0.096,0.036,0.036
rs_matmul_bench,Rust,rust_matmul_bench,base,0.134,0,0.033,0.037
rs_matmul_bench,Rust,rust_matmul_bench,thorough,0.134,1.572,0.036,0.039
rs_matmul_bench,Rust,rust_matmul_bench,fast,0.134,0.425,0.035,0.039
rs_matmul_bench,Rust,rust_matmul_bench,light,0.134,0.134,0.033,0.036
zstd,C,zstd_entropy_common,base,0.182,0,0.072,0.064
zstd,C,zstd_entropy_common,thorough,0.182,35.565,0.072,0.064
zstd,C,zstd_entropy_common,fast,0.182,0.270,0.073,0.065
zstd,C,zstd_entropy_common,light,0.182,0.242,0.072,0.063
zstd,C,zstd_fse_decompress,base,0.267,0,0.119,0.094
zstd,C,zstd_fse_decompress,thorough,0.267,0.113,0.119,0.093
zstd,C,zstd_fse_decompress,fast,0.267,0.096,0.120,0.092
zstd,C,zstd_fse_decompress,light,0.267,0.074,0.118,0.092
zstd,C,zstd_fse_compress,base,0.233,0,0.121,0.084
zstd,C,zstd_fse_compress,thorough,0.233,5.317,0.120,0.084
zstd,C,zstd_fse_compress,fast,0.233,0.731,0.123,0.083
zstd,C,zstd_fse_compress,light,0.233,0.256,0.120,0.083
zstd,C,zstd_huf_compress,base,0.738,0,0.470,0.365
zstd,C,zstd_huf_compress,thorough,0.738,45.634,0.465,0.361
zstd,C,zstd_huf_compress,fast,0.738,20.383,0.466,0.360
zstd,C,zstd_huf_compress,light,0.738,1.965,0.463,0.359
zstd,C,zstd_zstd_compress,base,1.377,0,0.611,0.633
zstd,C,zstd_zstd_compress,thorough,1.377,1.113,0.617,0.640
zstd,C,zstd_zstd_compress,fast,1.377,0.303,0.628,0.642
zstd,C,zstd_zstd_compress,light,1.377,0.229,0.607,0.629
zstd,C,zstd_zstd_compress_literals,base,0.167,0,0.024,0.028
zstd,C,zstd_zstd_compress_literals,thorough,0.167,0.046,0.024,0.029
zstd,C,zstd_zstd_compress_literals,fast,0.167,0.050,0.024,0.029
zstd,C,zstd_zstd_compress_literals,light,0.167,0.045,0.023,0.029
zstd,C,zstd_zstd_double_fast,base,1.268,0,0.728,0.571
zstd,C,zstd_zstd_double_fast,thorough,1.268,0.234,0.720,0.568
zstd,C,zstd_zstd_double_fast,fast,1.268,0.125,0.718,0.560
zstd,C,zstd_zstd_double_fast,light,1.268,0.113,0.718,0.563
zstd,C,zstd_zstd_lazy,base,3.499,0,2.994,2.590
zstd,C,zstd_zstd_lazy,thorough,3.499,4.076,2.979,2.599
zstd,C,zstd_zstd_lazy,fast,3.499,1.010,2.991,2.602
zstd,C,zstd_zstd_lazy,light,3.499,0.731,2.985,2.596
zstd,C,zstd_zstdmt_compress,base,0.476,0,0.158,0.147
zstd,C,zstd_zstdmt_compress,thorough,0.476,0.081,0.159,0.148
zstd,C,zstd_zstdmt_compress,fast,0.476,0.071,0.156,0.146
zstd,C,zstd_zstdmt_compress,light,0.476,0.065,0.159,0.148
zstd,C,zstd_zstd_opt,base,1.028,0,0.717,0.664
zstd,C,zstd_zstd_opt,thorough,1.028,31.972,0.721,0.661
zstd,C,zstd_zstd_opt,fast,1.028,1.190,0.726,0.659
zstd,C,zstd_zstd_opt,light,1.028,0.547,0.720,0.662
zstd,C,zstd_zstd_preSplit,base,0.172,0,0.040,0.038
zstd,C,zstd_zstd_preSplit,thorough,0.172,166.088,0.049,0.045
zstd,C,zstd_zstd_preSplit,fast,0.172,0.799,0.038,0.037
zstd,C,zstd_zstd_preSplit,light,0.172,0.763,0.040,0.037
zstd,C,zstd_huf_decompress,base,1.138,0,0.689,0.552
zstd,C,zstd_huf_decompress,thorough,1.138,5.765,0.730,0.582
zstd,C,zstd_huf_decompress,fast,1.138,0.911,0.686,0.550
zstd,C,zstd_huf_decompress,light,1.138,0.270,0.690,0.552
zstd,C,zstd_zstd_decompress_block,base,1.407,0,0.944,0.748
zstd,C,zstd_zstd_decompress_block,thorough,1.407,2.667,0.932,0.740
zstd,C,zstd_zstd_decompress_block,fast,1.407,0.511,0.940,0.731
zstd,C,zstd_zstd_decompress_block,light,1.407,0.393,0.946,0.741
zstd,C,zstd_zstd_decompress,base,0.443,0,0.169,0.205
zstd,C,zstd_zstd_decompress,thorough,0.443,1.094,0.167,0.206
zstd,C,zstd_zstd_decompress,fast,0.443,0.353,0.168,0.204
zstd,C,zstd_zstd_decompress,light,0.443,0.146,0.166,0.207
zstd,C,zstd_cover,base,0.313,0,0.131,0.147
zstd,C,zstd_cover,thorough,0.313,1.569,0.139,0.152
zstd,C,zstd_cover,fast,0.313,0.157,0.138,0.154
zstd,C,zstd_cover,light,0.313,0.114,0.128,0.147
zstd,C,zstd_divsufsort,base,1.082,0,0.502,0.435
zstd,C,zstd_divsufsort,thorough,1.082,51.077,0.501,0.435
zstd,C,zstd_divsufsort,fast,1.082,4.308,0.504,0.432
zstd,C,zstd_divsufsort,light,1.082,1.881,0.506,0.434
zstd,C,zstd_fastcover,base,0.252,0,0.078,0.090
zstd,C,zstd_fastcover,thorough,0.252,1.227,0.085,0.094
zstd,C,zstd_fastcover,fast,0.252,0.213,0.084,0.095
zstd,C,zstd_fastcover,light,0.252,0.097,0.077,0.090
zstd,C,zstd_zdict,base,0.527,0,0.171,0.184
zstd,C,zstd_zdict,thorough,0.527,1.069,0.174,0.185
zstd,C,zstd_zdict,fast,0.527,0.194,0.171,0.185
zstd,C,zstd_zdict,light,0.527,0.105,0.172,0.187
zlib,C,zlib_adler32,base,0.103,0,0.060,0.056
zlib,C,zlib_adler32,thorough,0.103,534.270,0.058,0.048
zlib,C,zlib_adler32,fast,0.103,4.475,0.060,0.055
zlib,C,zlib_adler32,light,0.103,4.153,0.060,0.055
zlib,C,zlib_compress,base,0.055,0,0.028,0.031
zlib,C,zlib_compress,thorough,0.055,0.297,0.029,0.030
zlib,C,zlib_compress,fast,0.055,0.233,0.030,0.030
zlib,C,zlib_compress,light,0.055,0.146,0.029,0.030
zlib,C,zlib_crc32,base,0.157,0,0.113,0.084
zlib,C,zlib_crc32,thorough,0.157,8.050,0.112,0.083
zlib,C,zlib_crc32,fast,0.157,1.283,0.112,0.084
zlib,C,zlib_crc32,light,0.157,0.251,0.111,0.084
zlib,C,zlib_deflate,base,0.567,0,0.424,0.445
zlib,C,zlib_deflate,thorough,0.567,69.152,0.566,0.591
zlib,C,zlib_deflate,fast,0.567,11.853,0.479,0.508
zlib,C,zlib_deflate,light,0.567,3.749,0.431,0.448
zlib,C,zlib_gzlib,base,0.117,0,0.050,0.065
zlib,C,zlib_gzlib,thorough,0.117,0.682,0.051,0.064
zlib,C,zlib_gzlib,fast,0.117,0.420,0.052,0.065
zlib,C,zlib_gzlib,light,0.117,0.186,0.051,0.065
zlib,C,zlib_gzread,base,0.536,0,0.415,0.416
zlib,C,zlib_gzread,thorough,0.536,18.753,0.449,0.433
zlib,C,zlib_gzread,fast,0.536,3.873,0.433,0.424
zlib,C,zlib_gzread,light,0.536,1.202,0.416,0.415
zlib,C,zlib_gzwrite,base,0.477,0,0.352,0.409
zlib,C,zlib_gzwrite,thorough,0.477,17.073,0.359,0.409
zlib,C,zlib_gzwrite,fast,0.477,3.520,0.352,0.410
zlib,C,zlib_gzwrite,light,0.477,1.094,0.355,0.413
zlib,C,zlib_infback,base,0.172,0,0.101,0.107
zlib,C,zlib_infback,thorough,0.172,6.610,0.100,0.107
zlib,C,zlib_infback,fast,0.172,1.061,0.102,0.108
zlib,C,zlib_infback,light,0.172,0.528,0.100,0.108
zlib,C,zlib_inffast,base,0.090,0,0.076,0.084
zlib,C,zlib_inffast,thorough,0.090,4.427,0.123,0.126
zlib,C,zlib_inffast,fast,0.090,0.479,0.076,0.084
zlib,C,zlib_inffast,light,0.090,0.359,0.076,0.083
zlib,C,zlib_inflate,base,0.409,0,0.245,0.256
zlib,C,zlib_inflate,thorough,0.409,65.137,0.243,0.246
zlib,C,zlib_inflate,fast,0.409,5.060,0.245,0.255
zlib,C,zlib_inflate,light,0.409,2.018,0.246,0.259
zlib,C,zlib_inftrees,base,0.093,0,0.046,0.045
zlib,C,zlib_inftrees,thorough,0.093,2.481,0.046,0.044
zlib,C,zlib_inftrees,fast,0.093,0.391,0.047,0.044
zlib,C,zlib_inftrees,light,0.093,0.300,0.046,0.043
zlib,C,zlib_trees,base,0.535,0,0.280,0.241
zlib,C,zlib_trees,thorough,0.535,2296.297,0.300,0.248
zlib,C,zlib_trees,fast,0.535,411.708,0.306,0.259
zlib,C,zlib_trees,light,0.535,33.556,0.281,0.236
zlib,C,zlib_uncompr,base,0.056,0,0.030,0.033
zlib,C,zlib_uncompr,thorough,0.056,0.655,0.030,0.032
zlib,C,zlib_uncompr,fast,0.056,0.444,0.029,0.032
zlib,C,zlib_uncompr,light,0.056,0.185,0.030,0.032
zlib,C,zlib_zutil,base,0.054,0,0.012,0.016
zlib,C,zlib_zutil,thorough,0.054,0.049,0.013,0.015
zlib,C,zlib_zutil,fast,0.054,0.051,0.012,0.015
zlib,C,zlib_zutil,light,0.054,0.050,0.013,0.016
