repo,module,arm,seconds,traps,removed
zlib,adler32,base18,0.07,4,-
zlib,adler32,souper_const,1493.93,4,0
zlib,adler32,base23,0.06,4,-
zlib,adler32,thorough,533.91,4,0
zlib,adler32,fast,4.81,4,0
zlib,adler32,light,4.46,4,0
zlib,compress,base18,0.04,6,-
zlib,compress,souper_const,3.99,6,0
zlib,compress,base23,0.03,6,-
zlib,compress,thorough,0.32,2,4
zlib,compress,fast,0.26,2,4
zlib,compress,light,0.16,3,3
zlib,crc32,base18,0.12,9,-
zlib,crc32,souper_const,129.39,2,7
zlib,crc32,base23,0.12,9,-
zlib,crc32,thorough,7.68,2,7
zlib,crc32,fast,1.38,2,7
zlib,crc32,light,0.35,2,7
zlib,deflate,base18,0.44,128,-
zlib,deflate,souper_const,119.09,128,0
zlib,deflate,base23,0.41,128,-
zlib,deflate,thorough,68.38,120,8
zlib,deflate,fast,11.11,120,8
zlib,deflate,light,4.21,120,8
zlib,gzlib,base18,0.07,12,-
zlib,gzlib,souper_const,10.58,12,0
zlib,gzlib,base23,0.06,12,-
zlib,gzlib,thorough,0.70,12,0
zlib,gzlib,fast,0.44,12,0
zlib,gzlib,light,0.25,12,0
zlib,gzread,base18,0.46,169,-
zlib,gzread,souper_const,70.71,169,0
zlib,gzread,base23,0.42,169,-
zlib,gzread,thorough,18.94,126,43
zlib,gzread,fast,4.41,149,20
zlib,gzread,light,1.58,169,0
zlib,gzwrite,base18,0.42,72,-
zlib,gzwrite,souper_const,65.09,72,0
zlib,gzwrite,base23,0.36,72,-
zlib,gzwrite,thorough,16.85,72,0
zlib,gzwrite,fast,3.62,72,0
zlib,gzwrite,light,1.41,72,0
