bench,lang,module,checks,o3_s,thorough_s,thorough_proofs,fast_s,fast_proofs,light_s,light_proofs
sha256,Swift,sha256,36,0.110,2.717,8,0.419,1
base64,Swift,base64,27,0.087,5.153,7,0.484,0
lz77,Swift,lz77,27,0.095,12.851,7,0.276,3
crc32,Swift,crc32,37,0.106,4.091,11,0.461,0
adler32,Swift,adler32,38,0.099,5.849,2,0.448,2
sha1,Swift,sha1,24,0.113,1.931,2,0.257,2
md5,Swift,md5,25,0.110,2.375,1,0.285,1
utf8,Swift,utf8,21,0.083,0.904,4,0.217,2
cryptoswift,Swift,CryptoSwift,2696,4.882,714.960,376,40.418,160
rs_lz77_bench,Rust,lz77_bench,4,0.037,5.158,2,0.464,0
rs_matmul_bench,Rust,matmul_bench,4,0.034,1.616,2,0.397,2
jl_jl_gemm_base,Julia,jl_gemm_base,0,NA,FAIL,0,0.009,0
jl_lz77,Julia,lz77,0,NA,FAIL,0,0.008,0
jl_matmul,Julia,matmul,0,NA,FAIL,0,0.008,0
jl_sha256,Julia,sha256,0,NA,FAIL,0,0.008,0
zstd,C,entropy_common,24,0.074,24.988,6,0.268,0
zstd,C,fse_decompress,4,0.119,0.110,4,0.087,4
zstd,C,fse_compress,12,0.124,6.860,2,0.723,0
zstd,C,huf_compress,205,0.472,45.665,28,20.661,16
zstd,C,zstd_compress,8,0.610,0.847,2,0.271,2
zstd,C,zstd_compress_literals,1,0.025,0.044,0,0.047,0
zstd,C,zstd_double_fast,4,0.724,0.225,0,0.115,0
zstd,C,zstd_lazy,100,2.979,3.889,0,0.909,0
zstd,C,zstdmt_compress,2,0.156,0.077,0,0.066,0
zstd,C,zstd_opt,32,0.728,39.384,2,1.182,2
zstd,C,zstd_preSplit,24,0.040,164.030,13,0.801,0
zstd,C,huf_decompress,22,0.689,5.676,9,0.909,1
zstd,C,zstd_decompress_block,6,0.937,2.561,2,0.509,0
zstd,C,zstd_decompress,1,0.169,1.143,0,0.347,0
zstd,C,cover,4,0.132,2.156,2,0.154,2
zstd,C,divsufsort,151,0.499,53.205,10,3.976,1
zstd,C,fastcover,4,0.079,1.577,2,0.199,2
zstd,C,zdict,2,0.175,0.972,0,0.182,0
zlib,C,adler32,144,0.059,529.770,64,4.375,2
zlib,C,compress,16,0.029,0.296,8,0.176,8
zlib,C,crc32,11,0.115,7.866,9,1.278,7
zlib,C,deflate,491,0.423,70.615,60,10.574,32
zlib,C,gzlib,29,0.052,0.722,0,0.274,0
zlib,C,gzread,186,0.419,16.957,73,3.164,44
zlib,C,gzwrite,151,0.350,14.869,8,2.964,0
zlib,C,infback,44,0.100,6.577,4,0.947,4
zlib,C,inffast,29,0.075,4.039,7,0.451,1
zlib,C,inflate,109,0.241,64.122,13,4.797,7
zlib,C,inftrees,11,0.046,2.583,1,0.390,0
zlib,C,trees,308,0.275,2277.154,34,406.925,22
zlib,C,uncompr,24,0.031,0.687,8,0.277,8
zlib,C,zutil,1,0.014,0.046,0,0.049,0
jl_jl_gemm_base,Julia,jl_gemm_base,16,0.049,14.574,14,0.219,9
jl_lz77,Julia,lz77,4,0.033,38.794,2,0.114,0
jl_matmul,Julia,matmul,3,0.020,114.837,3,0.481,0
jl_sha256,Julia,sha256,16,0.061,282.348,14,1.966,0
sha256,Swift,sha256,36,NA,NA,NA,NA,NA,0.347,0
base64,Swift,base64,27,NA,NA,NA,NA,NA,0.247,0
lz77,Swift,lz77,27,NA,NA,NA,NA,NA,0.242,1
crc32,Swift,crc32,37,NA,NA,NA,NA,NA,0.376,0
adler32,Swift,adler32,38,NA,NA,NA,NA,NA,0.259,1
sha1,Swift,sha1,24,NA,NA,NA,NA,NA,0.232,0
md5,Swift,md5,25,NA,NA,NA,NA,NA,0.237,0
utf8,Swift,utf8,21,NA,NA,NA,NA,NA,0.164,1
cryptoswift,Swift,CryptoSwift,2696,NA,NA,NA,NA,NA,21.301,68
rs_lz77_bench,Rust,lz77_bench,4,NA,NA,NA,NA,NA,0.093,0
rs_matmul_bench,Rust,matmul_bench,4,NA,NA,NA,NA,NA,0.127,0
jl_jl_gemm_base,Julia,jl_gemm_base,16,NA,NA,NA,NA,NA,0.152,0
jl_lz77,Julia,lz77,4,NA,NA,NA,NA,NA,0.077,0
jl_matmul,Julia,matmul,3,NA,NA,NA,NA,NA,0.149,0
jl_sha256,Julia,sha256,16,NA,NA,NA,NA,NA,0.378,0
zstd,C,entropy_common,24,NA,NA,NA,NA,NA,0.241,0
zstd,C,fse_decompress,4,NA,NA,NA,NA,NA,0.067,4
zstd,C,fse_compress,12,NA,NA,NA,NA,NA,0.254,0
zstd,C,huf_compress,205,NA,NA,NA,NA,NA,1.942,16
zstd,C,zstd_compress,8,NA,NA,NA,NA,NA,0.215,0
zstd,C,zstd_compress_literals,1,NA,NA,NA,NA,NA,0.043,0
zstd,C,zstd_double_fast,4,NA,NA,NA,NA,NA,0.104,0
zstd,C,zstd_lazy,100,NA,NA,NA,NA,NA,0.722,0
zstd,C,zstdmt_compress,2,NA,NA,NA,NA,NA,0.063,0
zstd,C,zstd_opt,32,NA,NA,NA,NA,NA,0.534,2
zstd,C,zstd_preSplit,24,NA,NA,NA,NA,NA,0.755,0
zstd,C,huf_decompress,22,NA,NA,NA,NA,NA,0.275,1
zstd,C,zstd_decompress_block,6,NA,NA,NA,NA,NA,0.379,0
zstd,C,zstd_decompress,1,NA,NA,NA,NA,NA,0.140,0
zstd,C,cover,4,NA,NA,NA,NA,NA,0.107,1
zstd,C,divsufsort,151,NA,NA,NA,NA,NA,1.897,2
zstd,C,fastcover,4,NA,NA,NA,NA,NA,0.094,1
zstd,C,zdict,2,NA,NA,NA,NA,NA,0.099,0
zlib,C,adler32,144,NA,NA,NA,NA,NA,4.143,2
zlib,C,compress,16,NA,NA,NA,NA,NA,0.141,7
zlib,C,crc32,11,NA,NA,NA,NA,NA,0.244,7
zlib,C,deflate,491,NA,NA,NA,NA,NA,3.771,28
zlib,C,gzlib,29,NA,NA,NA,NA,NA,0.192,0
zlib,C,gzread,186,NA,NA,NA,NA,NA,1.192,0
zlib,C,gzwrite,151,NA,NA,NA,NA,NA,1.098,0
zlib,C,infback,44,NA,NA,NA,NA,NA,0.532,4
zlib,C,inffast,29,NA,NA,NA,NA,NA,0.352,1
zlib,C,inflate,109,NA,NA,NA,NA,NA,2.025,7
zlib,C,inftrees,11,NA,NA,NA,NA,NA,0.310,0
zlib,C,trees,308,NA,NA,NA,NA,NA,33.767,16
zlib,C,uncompr,24,NA,NA,NA,NA,NA,0.183,8
zlib,C,zutil,1,NA,NA,NA,NA,NA,0.048,0
